assists,element_type,clean_sheets,creativity,goals_conceded,goals_scored,minutes,influence,points_per_game,saves,bonus,yellow_cards,total_points,total_points_next
0,1,0,0,4,0,143,28,1,4,0,0,2,19
0,1,12,0,37,0,3097,819,3,115,2,2,134,124
0,2,0,0,1,0,38,17,1,0,0,0,1,16
5,2,10,508,34,1,2503,437,3,0,12,4,119,132
3,2,11,280,43,0,3153,554,3,0,9,5,115,130
1,2,7,107,37,2,2250,692,3,0,7,4,83,23
11,3,13,1278,41,24,3217,1357,6,0,32,6,264,152
3,3,8,280,26,10,1916,541,4,0,7,1,122,62
4,3,4,361,20,1,1236,257,2,0,3,3,56,130
5,3,9,467,20,3,1456,326,3,0,8,1,89,89
3,3,10,626,32,2,2483,488,2,0,7,5,85,109
5,4,4,275,16,12,1206,522,4,0,17,2,116,77
2,4,3,89,11,2,748,144,2,0,0,0,37,70
0,1,9,10,63,0,3150,815,3,115,7,2,120,0
1,2,10,291,54,0,2938,748,2,0,7,4,89,56
0,2,10,66,67,2,3420,1123,2,0,17,5,112,83
3,2,10,528,53,4,3060,698,3,0,14,1,134,94
0,2,0,18,16,0,506,125,0,0,2,0,4,3
1,2,3,55,20,3,834,373,4,0,8,1,55,102
3,3,5,304,24,2,1329,238,3,0,6,1,64,32
1,3,4,223,38,0,1800,256,2,0,0,1,44,82
0,3,4,181,24,2,1366,254,1,0,2,6,49,59
0,3,3,268,22,0,1055,113,1,0,0,0,36,85
2,3,1,89,7,0,432,100,2,0,1,1,17,58
3,3,9,474,54,16,2714,835,4,0,17,1,178,110
1,4,1,39,4,0,270,27,1,0,0,0,14,36
0,1,10,30,48,0,3150,1001,4,142,21,1,149,8
2,2,9,491,53,0,3240,770,2,0,5,9,90,89
1,2,8,409,53,1,3230,644,2,0,3,5,91,102
1,2,10,96,49,2,3150,930,3,0,10,4,113,81
0,2,1,53,11,0,568,146,1,0,0,1,23,101
4,4,5,248,34,10,2064,500,3,0,12,0,121,63
3,4,8,320,33,9,2260,415,3,0,10,2,108,79
0,1,16,0,28,0,3240,517,3,69,0,1,141,136
0,1,0,0,5,0,180,13,1,1,0,0,2,112
5,2,16,422,33,1,3420,792,4,0,22,4,170,175
0,2,17,100,29,6,3296,831,4,0,15,5,178,74
1,2,0,13,8,0,250,60,1,0,3,0,15,87
15,3,4,881,14,5,1340,635,4,0,14,8,121,89
3,3,6,809,19,8,1534,491,3,0,13,3,114,130
8,3,15,447,24,1,2694,546,3,0,1,4,105,91
0,3,0,3,0,0,35,3,1,0,0,0,6,77
10,3,15,697,15,9,2140,639,4,0,18,6,162,81
1,3,13,432,33,1,3138,515,2,0,1,9,83,101
0,1,0,0,0,0,0,0,0,0,0,0,0,36
0,1,7,31,46,0,2610,600,3,83,4,1,92,99
0,2,6,35,36,3,1974,471,3,0,5,4,75,99
2,2,2,125,44,0,2124,421,1,0,0,4,46,34
2,2,3,79,39,0,2014,496,1,0,3,8,51,1
11,3,7,606,56,7,3019,740,4,0,13,8,149,136
3,3,3,284,39,5,1999,400,3,0,8,5,93,101
1,3,2,125,13,0,471,71,1,0,0,0,24,8
4,3,7,568,41,4,2125,427,2,0,6,7,91,73
1,1,10,10,20,0,1737,439,4,54,5,2,89,0
5,2,11,695,34,2,2819,570,4,0,15,4,135,82
3,2,6,71,32,3,2251,751,3,0,16,4,104,60
0,2,4,78,29,0,2014,441,2,0,4,1,59,70
11,3,12,1237,36,5,2900,692,4,0,11,5,144,3
1,4,2,163,30,4,1096,205,2,0,3,3,44,83
0,1,5,0,36,0,1980,554,3,73,7,0,86,4
2,2,5,352,59,1,2736,502,2,0,4,5,73,111
3,2,4,157,53,2,2307,707,2,0,5,5,71,117
1,3,5,344,75,3,3186,482,2,0,4,9,87,75
1,3,4,323,62,1,2970,556,2,0,2,5,77,89
1,2,5,48,45,1,2430,480,2,0,0,3,63,61
4,2,8,536,57,2,3103,802,2,0,10,10,104,57
2,2,3,100,17,0,1139,214,2,0,4,0,47,50
3,2,9,199,50,0,2988,531,2,0,4,12,85,55
0,2,4,22,15,0,917,158,2,0,0,4,27,1
4,3,9,802,48,6,2826,573,3,0,9,4,120,195
0,3,1,122,26,1,1446,258,1,0,1,4,41,51
4,3,4,268,20,1,1049,220,1,0,0,2,58,80
0,4,2,55,5,1,447,60,1,0,1,0,24,20
0,1,9,0,30,0,2520,461,3,52,7,0,110,67
0,1,3,0,12,0,900,149,3,20,0,0,32,88
1,2,11,119,31,2,2553,715,3,0,6,6,106,110
1,2,0,78,7,0,305,64,1,0,1,1,15,52
2,2,12,716,41,0,3323,512,3,0,13,0,129,7
0,2,0,30,9,0,269,28,0,0,0,1,4,0
3,3,10,539,49,6,2930,576,3,0,10,9,118,109
7,3,9,693,32,8,2338,679,4,0,14,3,139,13
4,3,12,937,35,7,3154,919,3,0,16,5,139,77
11,3,11,1127,39,11,3062,869,5,0,17,5,180,181
2,4,7,484,58,15,3131,640,3,0,13,10,136,84
5,4,3,207,7,3,775,202,2,0,2,1,54,32
0,1,6,0,13,0,1452,266,3,31,1,0,64,11
1,2,2,167,18,1,1065,238,2,0,5,2,45,90
0,2,5,32,6,3,820,249,5,0,6,5,57,60
2,2,9,125,28,1,2592,772,3,0,10,9,100,156
0,3,0,42,4,1,224,68,1,0,0,1,13,55
14,3,9,688,27,7,2509,527,4,0,11,7,149,229
9,3,12,1388,32,4,2760,671,3,0,12,6,130,169
0,3,12,407,17,5,1941,474,3,0,6,4,86,16
1,3,10,575,27,2,2755,546,2,0,3,4,78,120
21,3,11,1702,34,6,2877,872,5,0,33,4,199,209
3,4,1,193,9,4,537,224,2,0,6,0,52,54
0,1,2,0,0,0,180,77,11,10,3,0,23,7
0,2,5,35,14,0,1584,437,3,0,4,2,55,116
3,2,12,614,20,1,2483,547,4,0,9,5,120,146
0,2,9,74,8,0,1333,206,3,0,6,3,70,27
0,2,1,2,0,0,97,12,2,0,0,0,9,39
2,2,9,426,17,1,1830,534,4,0,14,2,98,28
0,2,13,31,15,0,2058,481,4,0,14,4,105,55
3,3,10,747,16,6,1614,457,4,0,14,3,102,100
0,3,5,209,14,0,1601,288,1,0,0,2,42,4
6,3,13,720,18,1,2465,593,3,0,11,5,97,44
0,3,5,112,14,1,1073,216,2,0,1,2,37,52
3,3,7,522,12,1,1360,229,2,0,3,3,60,128
6,3,9,399,13,4,1553,382,3,0,9,2,95,125
1,3,10,512,8,4,1348,325,3,0,3,1,73,107
3,4,7,411,15,5,1712,316,2,0,2,3,76,104
0,1,14,10,48,0,3420,553,3,76,4,3,134,73
5,2,12,442,36,2,2507,517,4,0,9,3,123,103
1,2,7,62,32,1,2070,532,3,0,8,2,78,76
3,2,11,648,36,0,2515,591,3,0,11,7,102,85
0,2,3,114,6,0,592,94,3,0,5,0,31,55
1,3,12,880,40,7,2898,545,3,0,13,2,126,72
4,3,9,729,26,4,1883,427,3,0,5,4,92,84
7,3,13,1144,29,3,2411,455,3,0,4,4,108,122
0,3,13,280,42,1,3071,585,2,0,4,11,80,68
2,3,3,132,15,5,893,255,3,0,8,0,73,109
0,3,6,305,16,0,1300,222,1,0,0,2,38,39
1,4,6,134,8,6,934,274,4,0,10,1,62,72
0,1,2,0,8,0,450,121,4,17,2,0,20,125
2,2,9,65,53,1,3150,732,2,0,6,6,94,67
1,2,6,165,25,0,1629,354,3,0,5,1,58,33
2,2,10,353,50,0,3151,583,2,0,9,5,103,71
0,2,3,146,17,0,1168,155,1,0,0,4,27,33
0,2,6,176,34,0,1957,350,2,0,3,1,56,5
4,3,6,477,23,1,1491,263,2,0,5,7,59,10
7,3,9,768,43,6,2713,530,3,0,8,9,117,144
2,3,8,672,21,4,1699,293,3,0,8,2,80,155
3,4,4,260,23,7,1343,346,2,0,7,3,79,73
2,4,5,148,26,1,1385,198,1,0,2,3,51,99
0,1,4,40,50,0,2610,933,3,135,9,0,102,145
1,2,5,534,53,5,2498,616,3,0,9,3,98,95
3,4,6,274,63,15,3322,630,4,0,24,1,166,60
0,1,8,0,69,0,3330,780,3,117,8,1,116,157
0,1,0,0,1,0,90,24,3,4,0,0,3,0
0,2,8,407,48,1,2714,589,2,0,7,5,82,101
3,2,13,119,40,1,3160,927,3,0,9,7,127,56
0,2,1,122,24,1,831,221,1,0,1,1,26,4
1,2,6,38,41,0,2430,579,2,0,4,7,63,85
0,2,1,1,20,1,662,191,2,0,0,1,16,74
1,3,3,222,51,0,2232,331,1,0,0,7,50,100
2,3,5,428,42,3,1917,273,2,0,2,1,74,17
0,3,5,72,24,0,1163,127,2,0,0,3,32,10
1,3,4,210,28,0,1291,160,1,0,0,3,41,73
3,3,6,233,25,6,1439,324,3,0,5,1,89,77
0,1,15,20,24,0,3004,664,4,78,6,0,143,144
0,1,2,0,2,0,416,70,3,7,0,0,17,3
0,2,14,102,17,1,2601,618,4,0,4,1,120,43
6,2,14,570,21,0,2701,564,4,0,18,8,142,138
0,2,15,121,21,0,2894,790,3,0,8,5,126,138
3,2,8,449,13,1,1739,452,3,0,5,1,90,143
0,2,0,14,4,0,357,39,0,0,0,3,2,19
0,3,16,223,24,2,3043,663,2,0,4,6,93,85
6,3,6,538,32,5,2135,412,3,0,8,2,110,15
20,3,16,1679,24,8,3159,974,6,0,30,0,218,199
2,3,5,268,18,1,1389,253,2,0,4,1,52,85
11,3,17,778,22,18,3036,969,6,0,17,4,225,175
2,3,12,486,25,4,3012,609,2,0,7,10,103,32
7,4,14,548,19,29,2523,1279,7,0,33,3,224,217
0,1,7,10,64,0,3337,834,3,117,6,1,113,64
4,2,7,567,61,2,2905,666,2,0,9,14,87,72
2,2,5,214,39,0,2638,461,2,0,6,8,74,70
4,4,6,555,52,10,2944,617,3,0,18,7,130,73
0,1,0,0,0,0,0,0,0,0,0,0,0,1
0,1,6,20,51,0,3420,767,3,115,4,2,113,123
1,2,4,117,39,2,2637,626,2,0,7,8,79,78
0,2,6,317,50,4,3276,742,2,0,6,10,102,87
1,2,7,74,45,6,3140,913,3,0,14,5,131,8
4,2,4,674,37,3,2477,509,3,0,11,5,99,81
3,3,8,362,45,2,3231,393,2,0,2,0,103,67
0,3,4,108,36,0,2418,346,1,0,0,9,54,23
3,3,2,331,24,1,1477,288,1,0,1,9,52,45
1,3,0,29,3,0,118,27,1,0,0,0,12,0
9,3,6,508,28,4,2181,463,4,0,12,2,115,81
0,4,4,73,13,0,963,38,1,0,0,1,26,20
3,4,6,430,44,8,2892,435,3,0,10,2,118,103
0,1,6,10,25,0,1440,367,4,53,6,1,64,72
0,2,6,45,29,2,1655,501,3,0,7,3,69,36
2,2,5,284,35,0,2115,307,2,0,1,2,60,118
0,2,4,82,31,0,1755,384,2,0,2,2,45,77
3,3,9,863,53,8,2708,639,3,0,20,9,133,106
0,3,0,0,0,0,0,0,0,0,0,0,0,2
0,1,0,0,0,0,0,0,0,0,0,0,0,152
3,3,3,267,19,1,999,220,2,0,3,1,47,117
0,2,3,52,19,0,1410,308,2,0,4,3,43,78
0,3,4,178,32,1,1352,179,1,0,0,4,38,136
0,2,4,49,8,0,810,172,3,0,3,3,32,27
9,3,11,694,37,6,2974,648,4,0,14,2,149,85
2,3,5,137,11,0,855,104,2,0,1,2,36,51
2,3,9,434,31,1,2681,555,2,0,9,11,80,87
0,2,0,20,1,0,129,20,1,0,0,0,5,7
4,3,13,953,21,5,2608,713,3,0,14,7,115,138
1,2,6,58,24,0,1471,350,3,0,10,1,60,58
1,2,3,126,24,0,972,219,2,0,7,1,34,68
0,3,1,49,1,0,275,16,1,0,0,2,9,23
3,3,8,246,17,2,1544,259,2,0,0,4,63,66
0,3,0,20,2,0,167,32,1,0,0,0,8,83
1,3,0,51,3,0,167,40,1,0,0,2,12,13
9,3,7,536,32,3,1764,338,3,0,8,3,100,97
0,2,2,98,28,1,1430,242,1,0,0,2,38,49
1,2,2,222,33,2,1614,309,1,0,0,2,50,59
1,3,3,109,18,0,1002,107,1,0,0,4,38,29
1,3,3,328,22,1,1104,197,1,0,1,5,40,55
0,2,1,12,13,0,562,162,2,0,3,0,15,58
0,2,7,62,45,4,2430,678,3,0,9,1,94,112
1,3,5,310,48,1,2520,340,2,0,1,5,67,0
1,3,9,234,47,2,2691,284,2,0,1,6,76,85
5,2,15,420,19,6,2693,618,5,0,11,2,177,165
0,3,0,7,0,0,54,17,1,0,0,0,8,11
3,3,4,274,5,0,909,133,1,0,0,3,43,58
0,1,9,0,34,0,2520,644,3,91,9,1,106,5
0,1,0,0,0,0,0,0,0,0,0,0,0,9
0,4,0,0,0,0,0,0,0,0,0,0,0,38
1,3,1,58,9,0,616,123,1,0,0,0,23,14
0,3,0,0,0,0,2,2,1,0,0,0,1,25
0,2,0,0,6,0,270,56,1,0,0,0,3,57
0,1,0,0,0,0,0,0,0,0,0,0,0,0
1,3,1,38,1,0,211,41,1,0,0,0,12,8
0,2,0,0,0,0,0,0,0,0,0,0,0,0
0,3,0,0,0,0,0,0,0,0,0,0,0,0
0,3,0,0,0,0,0,0,0,0,0,0,0,15
0,3,0,0,0,0,0,0,0,0,0,0,0,1
0,2,0,0,0,0,13,0,1,0,0,0,1,50
0,3,0,0,0,0,1,0,1,0,0,0,1,41
0,3,0,0,0,0,0,0,0,0,0,0,0,0
3,3,1,105,8,0,416,74,1,0,0,0,25,30
0,2,4,149,18,2,1252,262,3,0,3,2,52,89
0,3,1,64,9,0,551,50,1,0,0,3,13,35
4,4,5,122,7,1,867,141,2,0,2,1,39,108
1,4,3,85,12,4,724,165,3,0,4,1,38,66
0,3,5,96,16,2,1224,192,3,0,3,4,42,144
0,2,0,0,0,0,0,0,0,0,0,0,0,6
0,2,0,0,0,0,0,0,0,0,0,0,0,7
0,1,0,0,0,0,0,0,0,0,0,0,0,0
0,1,1,0,0,0,90,7,6,1,0,0,6,0
0,3,1,19,0,0,97,22,1,0,0,1,3,21
0,1,11,0,48,0,3039,722,3,90,7,1,124,24
2,2,10,238,29,5,2241,693,4,0,15,3,130,77
1,2,10,129,30,3,2272,836,4,0,13,6,109,80
4,2,10,334,30,2,2146,443,4,0,6,3,108,81
10,3,9,478,25,7,1844,631,5,0,12,0,130,91
5,3,9,592,26,3,1827,430,3,0,2,1,89,99
8,3,12,822,50,1,3259,753,2,0,3,10,109,90
3,3,4,281,16,1,1185,258,2,0,2,6,46,17
2,4,4,212,21,5,1178,309,2,0,6,1,70,19
5,4,10,566,28,14,2197,725,4,0,11,1,138,166
9,3,12,727,17,3,1712,506,4,0,9,2,107,98
0,2,2,40,14,0,864,227,1,0,0,1,23,60
0,3,3,141,16,0,908,168,1,0,0,1,25,34
0,4,0,1,1,0,17,5,1,0,0,0,3,10
4,4,4,207,15,10,1056,484,6,0,12,0,87,205
0,3,0,5,2,0,81,8,1,0,0,0,3,4
0,1,6,20,61,0,3420,790,2,111,6,2,112,63
0,1,0,0,0,0,0,0,0,0,0,0,0,46
1,2,5,65,53,2,2764,870,2,0,9,5,83,85
3,2,6,115,59,2,3352,932,2,0,8,5,102,120
6,3,4,602,33,2,1988,362,2,0,5,1,85,33
3,3,2,646,38,5,2003,492,3,0,13,0,97,181
2,4,6,288,33,8,1981,392,3,0,13,0,102,168
0,4,1,69,16,2,581,120,1,0,3,1,36,28
4,4,7,556,38,8,2450,577,3,0,10,3,110,141
0,2,0,0,2,0,71,6,1,0,0,0,1,10
0,3,0,12,1,0,58,5,1,0,0,0,1,1
0,3,0,0,0,0,0,0,0,0,0,0,0,0
0,3,0,0,0,0,0,0,0,0,0,0,0,0
0,1,10,0,54,0,3420,911,3,124,13,0,146,104
1,2,10,147,54,1,3420,1002,2,0,7,7,97,91
2,2,10,98,52,0,3292,1027,2,0,7,8,100,115
0,2,10,174,23,0,2014,360,3,0,8,3,84,46
0,2,6,154,36,0,2237,346,2,0,5,2,63,48
1,3,11,557,29,3,2415,404,2,0,6,4,88,74
3,3,10,272,50,0,3240,625,2,0,2,6,87,65
0,3,1,137,14,0,735,111,1,0,0,2,25,36
3,3,6,320,29,1,1838,357,2,0,3,3,74,94
8,3,10,1311,46,7,2928,735,4,0,24,2,164,80
0,4,8,271,36,12,2184,492,3,0,16,9,111,129
0,2,4,105,18,0,1178,187,2,0,3,0,38,0
0,2,0,99,30,0,1313,210,1,0,0,3,20,0
0,3,0,0,0,0,0,0,0,0,0,0,0,0
1,4,1,24,8,1,221,50,2,0,2,0,16,52
0,1,0,0,4,0,305,53,2,8,0,0,8,58
3,2,8,264,26,0,2295,574,3,0,4,1,89,34
1,2,9,270,27,1,2460,498,3,0,9,1,102,7
1,2,11,98,30,0,2790,822,3,0,4,5,101,97
2,2,4,64,21,1,1440,460,3,0,6,1,57,16
0,2,2,86,12,0,949,184,2,0,0,3,23,82
9,3,10,1052,33,2,2831,599,3,0,7,2,117,92
2,3,9,408,28,2,2326,265,2,0,1,1,85,73
1,3,2,134,17,0,1105,182,1,0,1,2,35,111
1,3,12,332,39,2,3420,589,2,0,6,7,100,87
4,3,6,203,30,0,1906,232,2,0,0,2,65,41
0,2,4,117,13,0,1125,229,2,0,0,5,33,33
0,1,11,40,35,0,3114,862,4,113,19,3,152,0
1,4,10,203,11,10,1621,442,4,0,20,1,104,131
0,1,0,0,0,0,0,0,0,0,0,0,0,0
0,4,0,0,0,0,1,0,1,0,0,0,1,75
1,4,5,311,11,7,981,307,2,0,10,0,77,55
0,1,1,0,4,0,270,55,3,7,0,0,11,13
6,2,15,535,38,2,3330,967,4,0,25,1,175,158
0,2,9,55,27,0,2082,496,2,0,2,1,74,2
2,2,13,549,30,7,2855,697,5,0,15,6,165,161
6,3,12,1127,27,12,2417,928,5,0,24,2,173,238
8,3,9,891,19,6,1874,640,3,0,13,1,130,108
2,3,8,410,14,4,1511,338,2,0,2,1,81,112
2,3,16,638,32,1,2994,676,3,0,9,3,101,116
0,3,0,34,4,0,129,21,1,0,0,0,3,79
0,3,1,88,7,1,520,116,2,0,1,0,24,0
0,2,8,66,23,0,2067,466,2,0,4,0,79,22
1,2,5,245,15,1,1087,255,2,0,1,0,58,9
1,2,1,28,4,0,278,61,2,0,0,0,14,22
5,3,6,377,30,2,1871,379,3,0,2,1,77,79
0,1,7,10,41,0,2430,603,3,91,11,1,99,67
0,1,2,0,14,0,990,213,3,30,3,0,36,1
0,2,4,25,21,0,1193,222,2,0,1,1,34,26
0,2,0,1,0,0,8,0,1,0,0,0,1,1
1,2,6,303,38,5,2182,537,3,0,7,7,95,140
7,3,10,716,31,9,2549,668,4,0,8,5,136,143
2,3,7,333,35,5,2425,490,3,0,9,5,101,121
9,3,9,1012,48,2,3120,626,3,0,7,3,121,135
2,3,8,379,52,10,3079,873,4,0,21,8,144,166
7,4,6,406,36,3,2234,325,2,0,5,6,84,33
0,2,2,21,6,0,435,74,1,0,0,0,23,0
0,3,2,60,10,0,627,207,2,0,0,1,15,120
3,3,4,234,17,3,1214,316,3,0,3,2,62,101
0,1,10,30,58,0,3420,873,3,121,16,0,145,161
3,2,5,373,34,2,1909,407,3,0,10,1,82,7
1,2,4,113,12,0,1035,227,3,0,0,0,39,125
0,2,6,24,39,0,2063,529,2,0,5,2,60,22
2,2,5,184,31,0,1589,362,2,0,2,2,50,19
1,2,7,58,46,0,2559,703,2,0,11,3,81,129
0,3,6,159,38,0,2124,361,1,0,1,4,52,28
2,3,9,303,45,2,2749,577,2,0,7,6,87,78
2,3,6,207,24,2,1892,242,2,0,3,7,66,26
3,4,0,159,23,8,1076,370,3,0,14,2,83,30
0,4,4,226,13,5,984,232,3,0,9,0,55,56
0,1,0,0,0,0,0,0,0,0,0,0,0,2
1,1,10,30,58,0,3420,846,3,103,11,1,135,99
2,2,9,107,53,0,3264,928,2,0,15,6,102,76
0,2,7,125,26,0,1585,266,2,0,0,1,60,49
1,2,5,251,31,0,1902,322,2,0,2,7,50,9
0,2,0,0,0,0,0,0,0,0,0,0,0,24
3,2,10,123,58,0,3420,768,2,0,9,6,107,67
3,3,10,848,52,4,3066,753,3,0,8,4,113,76
0,3,7,172,40,0,2396,475,1,0,0,8,53,54
0,3,3,58,11,0,755,111,1,0,0,3,22,63
4,4,3,255,23,0,1268,209,1,0,0,4,44,2
2,4,4,191,34,6,1807,352,2,0,14,1,94,34
2,4,6,270,32,7,1849,377,3,0,12,2,92,69
1,2,4,381,28,0,1670,310,2,0,5,3,51,50
1,3,1,40,5,0,217,30,2,0,0,1,10,2
0,2,2,52,14,0,1047,268,2,0,2,0,30,60
2,3,3,300,12,1,997,173,2,0,3,1,40,69
0,1,1,0,7,0,274,51,2,6,0,0,9,9
0,2,5,62,52,0,2817,530,1,0,1,4,61,76
1,2,4,282,35,0,1917,396,2,0,8,1,57,3
0,2,5,121,41,0,2306,444,2,0,0,4,55,12
4,2,9,254,60,2,3420,955,3,0,10,7,117,92
13,3,9,924,51,12,2948,966,5,0,19,2,195,102
3,3,4,412,35,3,1683,290,2,0,2,2,80,84
2,4,8,439,57,20,3248,822,4,0,28,3,183,174
4,4,1,185,17,3,818,214,2,0,5,2,54,58
0,1,0,0,6,0,180,67,2,8,0,0,4,0
1,3,0,20,9,0,375,68,1,0,0,1,13,20
0,3,0,1,0,0,8,0,1,0,0,0,3,43
0,1,7,0,24,0,1710,281,3,36,0,3,67,0
1,2,11,104,24,2,2124,656,3,0,10,4,110,63
1,2,6,250,19,0,1264,261,3,0,3,1,52,4
0,2,1,23,1,0,173,21,2,0,0,1,7,34
3,2,6,615,25,0,1759,437,2,0,4,3,77,101
2,2,8,399,17,1,1573,358,4,0,10,3,83,185
1,3,14,448,21,1,2169,417,2,0,3,1,75,76
0,3,1,113,1,0,234,32,1,0,0,1,13,23
8,3,15,739,24,10,2189,677,5,0,8,3,147,231
2,3,15,356,23,1,2381,341,2,0,1,1,85,108
12,3,15,942,29,32,2905,1496,8,0,26,1,303,259
8,4,16,834,32,15,2760,951,4,0,29,1,181,160
1,4,3,42,0,1,262,57,2,0,0,0,18,90
0,2,8,122,28,0,2253,601,3,0,5,1,78,208
5,2,10,414,18,1,1940,424,5,0,12,2,111,213
0,1,0,0,0,0,0,0,0,0,0,0,0,22
0,1,0,0,0,0,0,0,0,0,0,0,0,0
0,3,0,0,0,0,0,0,0,0,0,0,0,0
0,3,0,0,0,0,0,0,0,0,0,0,0,1
0,1,16,10,26,0,3195,546,4,58,10,1,158,169
0,2,9,26,11,0,1301,283,3,0,5,0,70,83
1,2,6,76,11,1,1394,399,3,0,2,6,60,58
0,2,15,224,25,4,2966,846,4,0,21,9,156,70
2,3,6,263,17,1,1740,369,2,0,0,2,55,29
17,3,13,838,23,18,2584,969,6,0,19,3,229,234
11,3,14,1118,18,9,2431,875,5,0,26,5,169,143
4,3,15,511,24,5,2880,800,3,0,9,7,120,79
18,3,19,1744,22,8,3073,1146,5,0,25,2,209,59
2,3,6,406,15,4,1504,381,2,0,9,3,82,113
15,3,12,891,22,10,2415,842,5,0,17,4,179,156
5,3,9,508,10,6,1514,475,3,0,8,0,112,154
7,4,9,360,12,13,1660,603,4,0,18,6,126,79
6,2,15,511,22,0,2784,542,4,0,8,2,138,150
2,2,9,158,11,3,1340,376,4,0,8,2,100,46
1,2,2,139,1,0,360,84,2,0,1,2,20,59
1,3,0,32,1,0,45,29,1,0,0,0,8,25
0,3,3,145,3,0,530,116,2,0,0,1,16,44
0,2,4,52,5,0,806,165,3,0,2,1,35,177
10,3,11,1155,32,9,2546,823,4,0,13,5,152,47
1,3,16,427,26,1,3117,681,2,0,3,6,91,59
0,1,1,0,0,0,90,26,7,3,0,0,7,0
0,2,11,35,24,4,2535,743,4,0,9,4,123,56
0,2,15,36,11,0,1973,486,5,0,19,2,116,43
0,2,7,127,2,0,787,142,4,0,4,2,48,91
0,2,3,26,8,0,639,151,2,0,4,6,23,2
1,2,16,438,22,3,2741,559,4,0,13,7,146,17
0,2,3,25,3,0,443,95,3,0,3,0,27,14
0,2,5,37,14,0,1284,272,2,0,1,1,47,85
5,3,15,849,10,3,1919,422,3,0,6,1,100,70
6,3,9,502,26,2,2444,601,3,0,11,7,98,73
2,3,5,229,14,0,1257,294,1,0,0,5,44,62
6,3,9,519,18,8,1807,526,3,0,10,2,128,78
6,3,9,509,13,9,1572,535,4,0,7,1,125,122
13,3,11,663,20,6,2145,710,5,0,15,5,138,179
0,3,4,53,3,0,629,78,1,0,0,2,21,38
5,4,10,412,16,7,1799,470,3,0,11,3,104,128
0,1,3,0,21,0,1440,364,3,44,4,0,57,0
0,1,2,0,15,0,900,258,3,35,2,0,33,0
0,2,9,77,31,3,2927,800,3,0,9,5,116,95
0,2,5,97,18,0,1602,333,2,0,0,1,52,67
7,3,9,844,35,3,2802,561,3,0,10,6,116,110
4,3,6,639,30,1,2264,442,2,0,4,2,73,39
0,3,6,214,27,2,2034,431,2,0,3,3,70,56
6,4,8,539,28,8,2486,571,3,0,15,3,124,141
1,2,4,164,31,0,1757,266,2,0,1,2,49,53
1,4,5,254,25,4,1703,291,2,0,5,2,69,30
0,3,3,164,25,1,1365,273,1,0,0,7,41,69
0,1,4,0,11,0,1080,234,4,26,5,0,53,131
0,1,4,0,26,0,1620,280,2,42,3,2,52,73
0,1,4,0,30,0,1800,488,3,69,6,0,73,2
5,2,8,589,49,0,3135,515,2,0,4,2,103,56
1,2,6,67,32,2,2049,525,3,0,6,2,76,44
0,2,5,68,33,2,1980,506,2,0,2,6,58,47
5,3,2,613,29,3,1708,363,2,0,8,3,84,94
0,3,8,338,47,1,2897,616,2,0,0,11,68,55
0,3,3,258,30,0,1666,266,1,0,0,6,39,90
0,3,1,43,2,0,160,32,1,0,0,0,8,11
3,3,7,630,31,1,1938,347,2,0,3,3,72,137
2,4,4,301,28,2,1570,235,1,0,0,6,53,66
1,4,4,89,15,7,1024,302,3,0,9,2,72,46
0,2,7,91,50,1,2887,814,2,0,5,1,87,112
0,1,0,0,7,0,270,64,1,8,0,0,5,0
9,3,6,1151,58,8,3039,718,4,0,19,5,155,88
2,4,2,321,27,5,1551,289,2,0,6,4,73,8
0,1,9,10,56,0,3420,1087,4,137,14,0,157,143
1,2,7,75,44,1,2676,736,2,0,10,5,85,47
1,2,9,86,56,2,3420,848,2,0,7,3,112,19
2,3,5,338,29,2,1865,307,2,0,9,2,73,38
2,4,7,350,49,7,2850,562,3,0,12,2,108,46
0,4,1,66,2,1,224,60,1,0,2,1,22,41
0,1,15,0,35,0,3240,726,4,87,6,1,144,145
0,1,0,0,1,0,90,19,3,4,0,0,3,5
0,2,5,67,13,0,1177,249,3,0,3,3,43,107
2,2,2,181,14,0,800,159,2,0,0,4,24,86
1,2,16,205,31,0,3203,774,3,0,13,4,138,67
7,2,12,698,20,2,2323,610,4,0,14,3,143,66
2,3,15,293,30,0,2822,604,2,0,2,4,85,56
4,3,4,283,12,2,826,204,2,0,1,4,55,67
10,3,17,1487,33,11,3218,1072,5,0,23,0,199,161
13,3,16,878,28,9,2957,775,4,0,12,7,175,94
0,3,2,96,11,1,837,206,1,0,1,2,32,24
1,3,7,384,18,1,1385,245,1,0,0,3,58,76
2,4,15,502,34,29,3074,1214,5,0,31,5,217,160
2,2,1,48,4,0,188,70,4,0,0,0,13,28
0,2,13,74,21,0,2532,598,3,0,8,1,107,78
0,1,1,0,0,0,90,27,9,3,2,0,9,13
0,1,0,0,0,0,0,0,0,0,0,0,0,0
1,3,0,83,6,0,206,49,1,0,0,0,11,131
3,4,5,254,30,5,1486,251,2,0,4,1,79,83
0,3,3,26,7,0,447,78,2,0,0,1,13,10
0,1,5,0,40,0,2128,457,2,61,4,0,64,0
0,2,1,2,6,0,495,120,2,0,0,1,14,93
0,2,6,52,43,2,2329,645,2,0,2,5,68,36
1,2,2,230,37,3,1818,445,2,0,3,3,59,50
0,2,6,59,43,0,2206,462,2,0,2,4,58,57
4,3,9,595,63,7,3324,859,3,0,16,10,136,124
3,3,1,370,34,5,1610,346,2,0,5,3,81,122
3,3,4,267,16,2,987,238,3,0,5,0,53,87
2,4,6,349,30,5,1836,343,2,0,7,1,73,116
0,4,0,11,1,0,29,4,1,0,0,0,4,0
8,3,8,384,54,5,2817,497,3,0,4,4,125,153
1,3,2,141,3,1,433,92,3,0,3,0,25,133
1,4,3,205,8,2,541,136,2,0,0,0,32,34
0,1,10,20,55,0,3330,716,3,99,11,2,123,129
2,2,6,104,38,2,2269,536,2,0,5,7,78,77
3,4,6,387,48,7,2765,431,2,0,5,4,103,148
7,3,7,543,50,11,2309,713,4,0,12,5,144,117
0,1,6,0,29,0,1710,470,3,69,5,2,72,0
7,2,10,562,60,1,3069,690,3,0,10,7,118,34
0,2,7,81,60,1,2880,687,2,0,4,3,77,48
3,2,6,295,29,0,1867,385,2,0,2,5,68,49
1,2,10,293,62,0,3289,635,2,0,6,9,90,56
0,3,7,337,45,4,2400,527,2,0,7,6,84,99
3,3,7,262,56,2,2798,480,2,0,2,5,86,67
0,3,5,132,29,2,1562,377,2,0,6,3,54,43
7,3,6,624,44,5,2039,559,3,0,11,4,106,31
1,1,4,20,39,0,1710,382,3,54,3,0,59,69
0,2,3,35,29,0,1421,310,1,0,0,1,41,92
0,3,0,0,0,0,0,0,0,0,0,0,0,2
0,3,0,0,0,0,0,0,0,0,0,0,0,25
7,2,5,445,29,0,1886,323,3,0,10,5,81,55
2,2,5,67,33,1,2198,513,2,0,4,12,64,57
3,3,5,714,24,5,1732,429,3,0,9,2,89,53
8,3,4,596,32,3,1961,469,2,0,3,0,99,52
3,3,7,674,37,4,2498,634,3,0,8,10,90,73
1,3,2,98,20,1,983,224,2,0,3,1,34,41
1,4,0,56,3,1,146,73,2,0,3,0,19,39
12,4,6,482,31,13,2497,808,4,0,20,2,166,118
7,4,7,484,42,22,2722,984,5,0,32,0,205,205
4,3,5,301,38,2,2377,440,2,0,6,7,78,46
0,3,3,312,32,0,2140,323,1,0,0,9,47,48
0,2,0,0,0,0,0,0,0,0,0,0,0,0
0,4,0,14,3,1,63,40,2,0,1,0,10,25
0,3,0,0,0,0,7,0,1,0,0,0,1,71
0,3,1,2,1,0,63,1,2,0,0,0,4,41
0,1,4,0,18,0,1080,302,3,39,4,2,46,0
1,2,9,143,56,1,2786,731,2,0,6,3,85,52
1,2,8,199,33,1,2067,374,2,0,1,5,70,49
1,2,10,125,70,4,3411,1002,3,0,8,3,120,79
0,2,1,2,9,0,401,85,1,0,0,0,10,4
12,4,9,388,47,14,2528,737,5,0,22,3,168,116
0,4,0,65,15,1,350,74,1,0,0,1,28,84
3,4,10,535,57,12,2963,655,4,0,20,3,141,99
0,2,0,171,19,0,606,107,0,0,0,1,8,84
2,3,9,245,49,2,2505,539,2,0,6,12,75,65
0,4,0,11,0,0,11,5,1,0,0,0,2,4
0,1,1,0,5,0,180,68,4,9,1,0,9,1
0,1,6,0,55,0,3060,707,3,97,11,2,104,135
1,2,7,132,56,2,3151,805,2,0,6,5,91,128
2,2,7,84,55,5,3087,1024,3,0,9,4,115,44
0,2,0,0,0,0,0,0,0,0,0,0,0,9
1,3,5,249,46,1,2484,498,2,0,4,6,65,63
1,3,4,59,17,1,935,224,2,0,0,4,36,0
6,3,6,684,40,1,2459,474,2,0,5,1,94,38
3,3,3,815,31,3,1864,456,3,0,12,1,80,76
1,4,4,190,45,13,2501,478,3,0,16,5,129,36
0,1,1,0,5,0,360,89,3,14,2,0,15,0
1,2,2,172,29,0,1749,444,1,0,0,4,39,21
0,3,3,213,32,0,1764,253,1,0,0,5,43,39
0,3,5,104,16,0,1014,94,1,0,0,2,33,28
1,2,3,289,41,0,2166,437,1,0,1,4,45,62
0,2,0,0,0,0,0,0,0,0,0,0,0,86
0,1,0,0,0,0,0,0,0,0,0,0,0,170
2,2,7,69,63,3,3086,1023,2,0,7,8,97,143
1,2,1,11,9,0,513,147,2,0,0,0,16,21
0,2,4,139,27,0,1670,267,1,0,0,9,33,78
7,3,5,574,39,3,1743,456,3,0,6,2,92,30
1,3,1,194,17,0,714,102,1,0,0,3,20,32
8,3,7,643,55,2,2821,623,3,0,10,5,111,118
3,4,7,310,49,10,2580,475,3,0,17,2,131,136
1,4,0,33,7,1,310,70,1,0,0,1,21,39
4,3,5,442,25,3,1590,405,3,0,6,2,75,123
0,3,0,0,0,0,0,0,0,0,0,0,0,0
0,2,0,0,0,0,0,0,0,0,0,0,0,0
0,3,0,83,14,1,435,81,1,0,0,0,22,0
0,1,2,1,0,0,180,24,6,3,0,0,13,13
6,2,16,525,39,1,3402,815,4,0,11,4,158,130
8,2,14,520,28,2,2759,619,5,0,21,6,161,100
2,2,16,358,36,3,3238,859,4,0,19,3,164,94
0,2,3,8,7,0,615,120,2,0,0,1,22,34
0,2,2,113,11,0,660,104,2,0,1,0,22,19
7,3,11,1165,25,3,2091,557,3,0,6,2,108,168
2,3,7,503,19,8,1768,530,3,0,12,2,112,32
5,3,7,349,13,3,1231,324,2,0,5,1,79,61
2,3,5,254,9,6,980,391,3,0,6,0,79,12
4,4,6,253,5,2,828,183,2,0,2,1,55,68
0,3,16,628,37,2,3156,691,2,0,4,8,96,92
0,1,14,0,39,0,3240,681,3,82,7,2,142,90
2,3,9,468,19,0,1725,315,2,0,2,3,64,68
0,1,5,0,26,0,1575,358,3,44,6,0,67,7
0,1,7,0,23,0,1754,448,4,64,8,2,81,137
1,2,2,22,10,0,661,186,2,0,0,1,23,51
0,2,3,17,21,0,1110,269,2,0,1,2,26,64
0,2,0,0,0,0,0,0,0,0,0,0,0,22
3,2,12,266,47,0,3134,863,3,0,18,4,120,127
7,3,11,457,49,3,3057,666,3,0,7,7,121,92
5,3,11,928,46,6,3007,743,3,0,8,1,135,48
2,3,12,910,53,12,3420,1078,4,0,24,10,166,81
11,4,11,753,49,10,3037,752,4,0,13,8,143,120
1,4,3,118,13,1,807,106,2,0,3,1,33,42
3,3,9,198,30,0,1889,337,2,0,0,3,67,85
0,2,0,28,14,1,551,131,1,0,0,1,13,77
3,3,6,309,24,1,1405,236,2,0,0,3,60,23
3,4,5,207,13,1,1176,140,2,0,2,3,46,132
1,4,3,41,11,5,748,198,4,0,5,0,48,28
0,2,0,0,0,0,0,0,0,0,0,0,0,0
0,3,0,0,0,0,1,0,1,0,0,0,1,0
0,1,14,10,46,0,3420,776,4,94,13,1,161,117
0,1,0,0,0,0,0,0,0,0,0,0,0,0
0,2,0,91,6,0,374,48,1,0,0,0,7,14
2,2,13,387,30,2,2558,515,4,0,12,1,125,55
0,2,2,21,4,1,329,82,3,0,3,0,22,6
2,2,13,101,39,1,2970,740,3,0,15,2,129,90
3,3,6,342,33,5,2108,420,2,0,4,1,101,63
0,3,0,0,0,0,14,5,1,0,0,0,1,41
0,3,2,96,19,0,975,122,1,0,0,3,26,59
6,3,15,1098,41,13,3122,959,4,0,20,3,182,95
5,4,8,185,26,6,1769,321,2,0,3,3,92,126
3,3,11,350,36,13,2662,698,4,0,12,5,153,165
5,2,13,1142,38,4,2964,883,4,0,22,5,158,120
4,3,13,589,19,1,2108,366,2,0,5,5,88,72
2,3,9,154,28,1,1977,268,2,0,2,7,64,39
2,2,10,83,39,2,2613,565,3,0,12,3,112,62
7,3,3,468,60,2,2291,410,2,0,3,0,94,9
0,3,0,1,1,0,18,3,1,0,0,0,2,2
1,3,3,725,48,3,2326,510,2,0,5,4,76,80
0,3,5,341,43,2,2187,494,2,0,4,7,63,68
0,1,10,10,48,0,3420,756,3,90,6,3,120,156
0,1,0,0,0,0,0,0,0,0,0,0,0,0
0,2,6,40,28,3,1924,471,3,0,7,1,76,19
1,2,6,165,41,3,2596,715,3,0,10,6,92,123
2,3,5,446,17,2,1617,371,2,0,4,3,63,38
1,3,6,310,29,4,1978,320,2,0,3,2,84,44
0,3,9,342,47,2,3295,726,2,0,4,8,89,85
0,3,0,0,0,0,0,0,0,0,0,0,0,1
0,3,4,73,4,0,593,119,2,0,0,0,20,35
5,4,11,419,36,18,2726,822,5,0,31,3,174,210
5,4,1,209,16,1,924,135,1,0,3,2,58,64
0,1,0,0,0,0,0,0,0,0,0,0,0,0
0,2,0,6,4,0,371,76,1,0,0,1,9,120
1,3,7,135,29,0,2085,235,1,0,0,5,58,11
3,3,1,242,16,1,1001,172,2,0,1,0,43,133
5,3,3,269,14,3,1087,299,4,0,6,2,63,117
1,2,6,29,7,1,986,255,4,0,9,1,63,18
0,2,7,92,4,0,1059,209,3,0,2,2,55,93
13,2,16,837,14,1,2460,734,6,0,25,3,185,210
4,2,20,111,22,4,3384,993,5,0,22,1,208,178
12,2,21,767,20,0,3216,748,5,0,29,4,213,181
0,3,0,10,0,0,19,10,1,0,0,0,2,76
1,3,3,139,3,0,460,85,1,0,0,1,23,27
3,3,19,692,21,22,3076,1015,6,0,24,2,231,221
1,3,18,405,16,3,2723,437,3,0,9,3,108,107
12,3,21,973,20,22,3254,1186,6,0,18,1,259,233
5,3,9,725,13,5,1778,587,3,0,12,5,101,49
2,3,11,283,14,1,2011,406,2,0,0,6,65,77
8,4,19,670,15,12,2606,774,4,0,24,0,160,155
5,3,7,344,6,6,1052,363,3,0,4,2,88,15
0,1,21,0,22,0,3420,677,4,76,9,1,176,122
1,4,3,45,2,3,364,143,2,0,1,0,32,65
0,3,0,0,0,0,0,0,0,0,0,0,0,13
4,3,4,450,9,7,1331,459,3,0,14,0,102,175
1,1,20,33,23,0,3420,535,4,58,6,2,169,133
0,2,9,115,15,0,1761,376,3,0,9,1,83,34
0,2,9,53,7,0,1233,281,3,0,5,1,70,82
1,2,18,448,17,1,2776,498,4,0,11,3,150,114
6,2,4,222,6,0,900,250,5,0,6,1,59,74
3,2,18,239,21,3,3056,790,5,0,16,3,177,63
15,3,17,937,19,17,2770,1060,6,0,25,3,234,204
8,3,16,1150,14,6,2399,715,4,0,14,2,143,139
3,3,12,396,15,1,2375,534,2,0,4,5,79,55
3,3,6,562,3,2,968,301,3,0,8,2,59,251
3,3,13,819,15,6,2129,548,3,0,10,3,113,65
8,3,15,1026,22,7,2849,796,4,0,17,3,154,116
0,3,2,133,0,1,328,85,1,0,3,0,25,69
3,3,9,278,4,0,1151,279,3,0,1,1,44,49
3,4,2,300,11,7,1017,395,2,0,7,1,79,146
0,1,7,0,54,0,3420,846,3,123,7,1,120,143
0,1,0,0,0,0,0,0,0,0,0,0,0,0
1,2,6,75,40,1,2600,533,2,0,9,1,85,116
2,2,1,259,18,0,1009,184,1,0,0,3,27,4
0,3,6,247,37,1,2437,477,2,0,2,6,59,55
4,3,5,464,15,3,1284,258,3,0,7,3,70,38
3,3,3,306,26,4,1657,310,2,0,5,3,78,32
4,3,5,503,25,10,1613,532,4,0,13,2,122,200
10,3,8,822,43,13,3007,1096,5,0,19,6,179,51
0,3,1,33,18,2,862,175,2,0,4,1,38,74
2,3,1,203,19,1,1039,177,2,0,3,2,40,50
7,4,6,542,35,10,2331,650,3,0,14,3,128,177
1,3,1,139,13,1,590,132,1,0,2,5,27,60
0,1,0,0,0,0,0,0,0,0,0,0,0,0
0,3,0,0,0,0,1,0,1,0,0,0,1,1
0,3,0,2,1,0,37,6,1,0,0,0,2,3
0,4,0,43,2,0,115,24,1,0,0,0,4,103
0,1,0,0,0,0,0,0,0,0,0,0,0,0
0,1,11,0,48,0,3420,783,3,96,10,1,131,143
3,2,4,127,16,0,1098,231,2,0,5,2,53,65
8,3,10,973,40,2,2927,712,3,0,7,9,110,74
1,3,5,351,13,1,943,226,2,0,2,1,39,105
1,3,6,273,18,1,1481,218,2,0,0,2,55,37
4,3,7,298,25,1,1857,412,2,0,5,3,69,73
2,4,11,585,35,12,2916,783,3,0,19,2,141,129
0,4,1,66,10,1,514,71,1,0,0,1,24,9
2,2,3,63,24,0,1482,350,2,0,5,2,47,102
0,3,0,0,0,0,0,0,0,0,0,0,0,1
3,4,5,346,27,7,1650,433,3,0,11,1,90,198
0,1,4,0,44,0,2250,585,2,78,6,1,73,104
0,2,6,379,42,1,2160,326,2,0,1,8,56,75
0,2,3,65,35,1,1697,394,2,0,4,4,47,85
1,2,3,108,37,0,2150,616,2,0,3,7,49,84
0,3,3,695,41,7,1940,592,3,0,15,4,94,117
0,3,6,158,37,1,2131,455,1,0,3,11,55,51
3,3,4,445,59,4,2760,616,2,0,8,7,90,75
5,3,9,802,58,6,3272,665,3,0,12,3,137,107
4,3,5,392,26,3,1421,305,2,0,3,2,75,98
2,4,2,179,24,5,1260,248,2,0,5,3,66,62
0,1,3,0,18,0,1080,239,3,33,4,0,47,29
0,2,4,76,31,0,2027,576,2,0,0,2,50,51
3,2,0,366,25,1,1185,314,2,0,3,2,36,80
1,2,3,124,30,2,1709,329,2,0,0,3,54,18
0,1,12,0,33,0,2970,858,4,100,10,0,145,98
0,1,0,0,4,0,180,66,2,9,1,0,5,0
0,2,12,139,31,0,2921,690,3,0,7,3,107,97
4,2,8,416,16,0,1792,343,3,0,5,5,86,47
0,2,6,116,23,1,1911,445,3,0,7,3,67,62
0,2,6,256,26,0,1837,388,2,0,5,2,66,41
3,2,2,104,4,0,374,107,4,0,4,1,28,32
2,2,6,60,22,1,1941,454,3,0,4,2,78,64
2,2,2,108,9,0,562,151,3,0,0,1,24,124
0,3,5,150,18,3,1504,363,2,0,3,4,56,36
4,3,4,339,12,4,965,263,3,0,5,2,67,65
4,3,8,436,21,5,1822,467,3,0,8,4,94,117
0,3,6,168,17,1,1589,268,2,0,3,4,53,52
3,3,11,380,28,0,2329,329,2,0,3,2,76,69
2,3,14,415,18,10,2115,556,4,0,8,3,131,100
6,4,9,430,31,17,2423,824,5,0,24,5,160,158
0,1,1,0,2,0,270,82,4,11,0,0,13,58
0,1,0,0,0,0,0,0,0,0,0,0,0,0
0,3,2,20,1,0,214,35,1,0,0,0,12,7
0,2,6,25,54,3,3095,719,2,0,5,2,93,77
0,2,3,24,29,0,1584,355,1,0,1,2,36,73
0,2,5,61,32,0,1924,404,2,0,2,3,57,26
1,2,4,252,40,1,2043,420,2,0,6,1,66,54
1,2,2,70,20,0,1002,201,1,0,1,5,26,66
0,3,0,20,7,0,265,35,1,0,0,2,10,36
0,3,3,33,7,1,470,97,1,0,2,2,25,33
7,3,5,544,56,5,3061,735,3,0,14,7,124,113
4,3,6,512,53,6,2817,458,3,0,13,3,122,60
4,3,7,416,39,2,2419,429,2,0,5,5,87,62
2,4,4,183,23,7,1352,331,2,0,10,2,83,39
5,4,5,549,44,9,2542,607,3,0,13,4,116,109
0,1,7,50,59,0,3420,988,3,128,11,1,129,137
0,4,0,0,0,0,0,0,0,0,0,0,0,0
0,1,0,0,0,0,0,0,0,0,0,0,0,27
0,1,7,20,55,0,3420,1136,3,148,15,0,143,83
1,2,2,54,36,1,1871,462,2,0,2,2,48,81
0,2,6,174,47,2,3003,584,2,0,9,4,92,105
0,2,3,77,16,1,1084,254,2,0,4,5,38,74
0,2,7,52,43,1,2970,733,2,0,6,4,87,76
2,3,4,212,29,0,1757,434,2,0,0,2,49,26
5,3,7,359,31,5,2289,521,3,0,5,6,99,105
2,3,2,118,12,1,685,141,3,0,3,2,31,50
8,3,7,346,30,6,2093,482,3,0,6,3,118,111
2,3,1,74,10,0,388,72,2,0,0,2,17,8
1,3,1,84,6,2,456,86,3,0,2,2,27,70
0,2,5,40,32,1,2013,534,2,0,3,2,61,40
6,3,7,1042,49,9,3045,882,4,0,18,3,155,66
0,3,0,0,0,0,0,0,0,0,0,0,0,0
0,4,0,10,0,0,17,2,1,0,0,0,1,0
0,2,0,0,1,0,62,7,2,0,0,0,2,6
0,3,0,0,0,0,0,0,0,0,0,0,0,2
0,1,1,0,0,0,90,26,7,3,0,0,7,0
0,2,8,146,43,4,3168,954,3,0,10,2,120,97
7,2,8,547,41,4,3141,758,3,0,12,5,144,167
0,2,3,70,17,2,1142,363,2,0,5,7,47,103
0,2,9,129,38,1,3060,566,2,0,1,12,89,32
0,2,9,26,46,0,3420,593,2,0,6,5,94,118
0,2,1,113,9,0,703,117,1,0,0,1,24,32
8,3,10,402,29,9,2352,559,4,0,13,11,139,105
3,3,8,365,43,4,3006,698,3,0,7,8,104,97
10,4,12,648,40,13,3112,788,4,0,31,4,181,194
1,3,4,181,12,0,645,73,1,0,0,1,37,11
0,1,8,0,46,0,3330,695,3,97,4,0,118,153
8,3,9,1245,39,1,3030,812,3,0,13,4,119,113
3,2,8,447,39,1,2772,523,3,0,9,6,103,123
1,3,1,271,13,1,884,223,1,0,2,1,44,130
0,3,3,126,21,2,1465,334,2,0,1,1,48,100
0,2,0,0,0,0,1,0,1,0,0,0,1,5
0,2,4,76,18,1,1156,187,2,0,4,2,44,94
2,2,3,182,22,0,1382,301,2,0,3,4,41,68
0,2,1,4,9,0,580,133,2,0,2,1,16,105
5,4,10,479,44,22,3136,1006,5,0,37,3,205,131
7,4,5,337,25,10,1867,536,3,0,16,8,118,129
0,4,3,67,9,2,628,90,1,0,1,0,25,36
2,3,10,298,31,1,2586,486,2,0,2,10,73,70
1,2,8,106,42,2,2809,701,2,0,10,5,94,41
0,1,3,0,9,0,770,256,3,34,1,2,33,186
2,3,7,439,21,0,1687,346,2,0,3,1,57,62
1,2,4,218,20,1,1553,349,2,0,3,1,61,28
6,3,5,639,30,5,2004,500,3,0,9,4,106,114
1,3,2,148,7,1,622,110,1,0,0,1,30,2
1,3,1,165,16,1,838,176,1,0,0,2,41,79
2,2,2,121,16,1,986,201,2,0,4,2,42,96
6,3,7,322,18,1,1746,327,2,0,4,6,71,114
0,2,2,79,25,0,1088,157,1,0,0,2,22,-1
0,2,2,33,34,1,1544,352,1,0,0,3,34,32
7,3,7,1209,63,8,3233,826,4,0,19,8,149,135
5,3,5,482,48,4,2046,383,2,0,0,3,93,111
3,3,6,503,41,3,2312,458,3,0,4,3,84,114
1,3,1,71,7,0,534,27,1,0,0,0,25,23
3,2,5,432,40,1,2291,503,2,0,10,4,80,138
0,1,0,0,0,0,7,0,1,0,0,0,1,0
2,2,6,87,53,2,2902,758,2,0,9,7,90,128
2,2,5,151,39,1,2038,400,2,0,4,3,65,119
2,3,8,293,51,3,2604,508,2,0,5,8,90,72
0,3,1,162,37,0,1826,292,1,0,0,5,43,27
0,3,0,0,0,0,0,0,0,0,0,0,0,0
2,2,4,92,46,2,2503,691,2,0,6,2,79,29
6,4,4,391,53,8,2906,397,3,0,8,9,116,134
5,4,4,412,37,6,2010,435,3,0,11,0,99,11
1,1,5,24,62,0,3330,973,3,128,13,0,126,123
3,2,9,171,50,3,3230,825,3,0,17,9,128,130
0,1,9,0,54,0,3420,1000,3,117,14,0,135,37
0,1,0,0,0,0,0,0,0,0,0,0,0,2
5,3,3,908,32,2,1791,388,2,0,7,4,76,116
1,3,1,62,4,2,305,90,2,0,2,0,28,24
0,3,4,110,18,1,1253,238,1,0,0,4,39,77
2,3,6,434,46,1,2826,522,2,0,2,4,78,9
1,3,4,239,15,0,1139,189,2,0,3,2,38,69
1,3,6,292,42,0,2525,438,1,0,1,8,63,8
5,3,4,585,34,5,2004,411,3,0,9,0,104,132
0,2,9,311,42,0,2879,602,2,0,3,5,86,64
1,2,5,153,44,3,2668,696,2,0,7,4,88,85
3,4,8,369,36,10,2763,518,3,0,21,3,131,105
3,4,5,91,22,3,1250,150,2,0,5,0,61,38
1,2,3,82,8,0,619,91,2,0,0,2,26,35
0,3,0,73,6,0,348,28,1,0,0,0,12,48
3,2,15,167,50,2,3420,919,3,0,14,10,143,109
2,2,9,164,19,0,1890,350,3,0,6,6,78,2
0,2,2,1,5,0,562,104,2,0,0,0,21,14
1,4,11,299,33,14,2436,552,4,0,21,1,136,138
1,4,5,113,7,2,807,144,2,0,3,0,39,62
0,1,15,30,50,0,3420,900,4,120,23,1,170,144
1,3,3,215,7,1,617,118,2,0,1,0,30,50
7,3,16,931,48,2,3339,644,3,0,6,5,123,113
2,3,1,102,10,1,445,118,1,0,0,1,32,44
7,3,15,814,39,2,3150,596,3,0,11,9,118,112
5,2,6,273,35,0,1876,355,3,0,10,2,77,50
2,4,7,135,34,8,2002,431,2,0,9,1,100,54
0,1,0,0,0,0,0,0,0,0,0,0,0,3
0,2,0,0,0,0,0,0,0,0,0,0,0,0
0,3,4,58,10,0,805,101,2,0,0,2,21,74
0,2,0,0,0,0,0,0,0,0,0,0,0,9
0,4,0,0,0,0,2,0,1,0,0,0,1,0
0,3,0,0,0,0,0,0,0,0,0,0,0,10
0,4,0,0,0,0,0,0,0,0,0,0,0,3
4,2,7,413,18,4,1429,411,5,0,11,4,100,57
0,2,5,93,24,2,1710,389,3,0,5,3,63,93
6,2,8,708,53,2,3229,905,3,0,16,1,130,113
0,2,1,298,21,0,1022,207,1,0,0,3,19,7
0,2,3,70,33,0,1751,353,1,0,0,5,34,61
1,4,6,144,16,8,988,316,3,0,5,1,68,47
0,1,8,0,47,0,2970,503,2,55,0,0,90,26
0,1,1,0,7,0,450,90,2,10,0,0,13,1
9,3,10,1177,35,9,2595,834,4,0,26,4,168,78
1,3,1,30,3,0,203,30,1,0,0,0,12,66
5,3,2,341,14,1,849,235,2,0,3,1,53,59
5,3,5,344,14,1,1095,266,2,0,5,0,61,76
3,3,6,422,40,4,2376,600,3,0,9,10,92,114
8,3,6,426,28,9,1717,556,5,0,8,0,127,82
3,3,4,458,37,1,2065,497,2,0,6,8,68,54
0,2,7,40,37,0,2343,518,2,0,2,6,62,108
6,4,7,283,34,15,2206,659,4,0,20,2,153,69
2,4,0,42,8,1,224,61,1,0,1,0,28,41
6,3,9,814,44,7,2865,641,3,0,11,3,137,147
2,2,5,428,23,0,1510,343,2,0,5,1,61,112
0,3,0,1,0,0,19,0,1,0,0,0,1,0
1,2,7,117,36,0,2380,427,2,0,8,4,77,66
1,2,5,58,14,0,1264,250,3,0,3,0,51,39
1,2,6,96,16,0,1547,305,3,0,4,0,64,1
1,4,5,248,18,2,1252,231,1,0,1,4,42,106
0,1,10,0,42,0,3150,827,3,111,16,1,137,124
0,1,0,0,8,0,270,110,2,16,0,0,7,0
6,3,9,588,46,4,3279,572,3,0,4,5,120,136
1,3,7,499,38,3,2510,460,2,0,9,12,81,63
1,3,3,247,23,1,1284,246,2,0,0,0,48,94
1,3,4,101,16,3,1030,240,3,0,4,2,51,65
4,3,11,486,38,0,3091,586,2,0,2,6,92,45
2,3,10,162,36,1,2524,394,2,0,4,4,85,82
0,3,2,268,29,0,1668,268,1,0,0,9,41,26
3,4,12,445,45,9,3148,597,3,0,19,6,132,70
0,3,0,47,9,0,761,117,1,0,0,0,22,64
0,1,0,0,0,0,0,0,0,0,0,0,0,0
0,2,0,58,4,0,193,36,1,0,0,1,4,58
0,3,4,383,30,1,1591,246,2,0,2,0,52,65
8,2,9,1112,49,0,3031,743,3,0,16,6,120,120
0,2,7,80,42,2,2556,666,2,0,9,3,90,127
1,2,5,149,29,0,1833,321,2,0,2,3,55,81
1,4,8,241,43,13,2621,562,3,0,15,9,126,165
0,1,9,13,56,0,3420,755,3,94,5,2,117,114
5,3,9,478,51,13,3070,814,4,0,13,8,165,123
4,3,6,765,45,2,2555,454,2,0,7,3,95,122
2,3,9,349,12,3,1269,315,2,0,6,2,72,21
4,3,4,289,19,2,1281,225,2,0,1,1,63,76
1,3,5,122,34,1,2020,270,2,0,3,8,59,47
1,3,5,179,20,0,1457,156,2,0,3,6,39,48
1,2,12,79,35,1,3036,755,3,0,12,4,120,59
0,2,1,2,6,0,430,85,1,0,2,0,19,3
7,4,11,418,38,23,3032,1026,6,0,34,3,210,187
4,4,3,204,9,5,953,288,3,0,7,1,64,110
0,1,13,30,41,0,3420,863,4,97,10,2,156,128
0,1,0,0,0,0,0,0,0,0,0,0,0,0
10,3,9,517,24,6,2075,525,3,0,9,0,133,126
3,3,3,287,11,0,857,190,1,0,1,2,38,78
1,3,12,254,32,2,2671,611,2,0,5,6,85,79
0,3,1,51,3,0,288,57,1,0,0,0,11,41
1,3,3,70,12,1,883,177,1,0,0,2,35,14
5,3,9,443,25,8,1998,547,3,0,9,0,129,58
6,3,12,805,35,3,2823,566,3,0,5,2,117,133
3,3,2,161,17,1,1122,196,2,0,3,2,54,37
1,2,1,149,4,0,267,78,5,0,3,0,15,26
12,2,13,980,31,2,3111,845,5,0,20,2,181,161
15,2,14,1380,32,4,3173,1026,5,0,24,5,210,160
2,2,15,152,33,5,3420,930,4,0,14,1,178,15
0,2,12,105,16,0,1999,390,3,0,7,7,93,10
9,4,16,703,26,9,2985,733,4,0,20,0,155,141
3,4,2,128,12,4,699,201,2,0,8,1,65,10
1,1,13,10,24,0,2543,503,4,58,11,0,122,140
10,3,16,834,26,19,2879,1061,6,0,26,1,233,231
10,3,12,826,28,18,2745,1010,6,0,27,3,221,176
1,3,8,298,12,4,1475,300,2,0,2,1,76,21
0,3,1,51,2,1,181,47,2,0,0,0,15,26
1,3,1,68,5,1,371,107,1,0,1,1,27,58
3,3,5,234,8,2,806,281,2,0,3,1,52,15
3,3,6,322,26,2,2073,431,2,0,8,6,77,71
0,3,12,344,28,4,2933,452,2,0,5,0,107,97
2,3,4,177,9,2,924,237,2,0,3,4,49,44
0,1,2,0,10,0,873,131,2,18,0,1,27,11
0,1,0,0,0,0,0,0,0,0,0,0,0,0
0,1,0,0,0,0,0,0,0,0,0,0,0,10
0,3,1,15,1,1,121,49,2,0,0,0,13,50
0,2,1,53,2,0,228,49,2,0,3,1,14,11
0,3,0,29,2,0,241,17,1,0,0,0,11,48
0,2,0,0,0,0,0,0,0,0,0,0,0,13
0,2,8,62,5,1,1096,246,4,0,0,1,63,58
4,2,12,394,24,1,2392,435,3,0,7,5,114,91
2,2,9,403,13,0,1491,243,3,0,3,3,74,63
0,2,6,375,15,0,1271,232,2,0,1,0,49,69
0,2,3,53,16,0,1118,216,2,0,0,0,34,128
8,4,12,447,14,14,2018,757,4,0,17,3,146,115
0,1,16,16,31,0,3071,608,3,68,2,3,133,160
6,3,13,751,31,20,2651,921,6,0,20,5,204,154
23,3,18,1990,22,13,2790,1322,7,0,35,3,251,141
14,3,10,885,15,11,1934,814,5,0,17,0,175,145
7,3,9,773,24,6,2021,626,3,0,7,5,116,94
2,3,4,301,7,5,888,312,3,0,4,0,69,135
1,3,10,146,27,0,2394,557,1,0,1,7,55,65
1,3,7,592,28,2,2012,408,2,0,4,7,65,157
2,3,14,532,27,3,2480,599,2,0,5,8,92,91
0,2,5,287,11,0,1205,265,2,0,3,4,45,138
0,2,5,42,7,0,790,153,2,0,0,1,38,6
0,1,0,0,0,0,0,0,0,0,0,0,0,7
0,3,0,0,0,0,0,0,0,0,0,0,0,0
0,3,0,2,0,0,15,3,1,0,0,0,1,0
4,2,12,443,33,0,3070,749,3,0,16,8,127,144
0,2,13,214,36,1,3420,772,3,0,5,6,123,124
0,2,12,73,32,1,3092,554,3,0,9,6,116,102
0,2,1,1,1,0,148,32,2,0,0,0,9,31
8,4,9,563,29,17,2645,887,5,0,31,3,177,174
1,4,6,222,13,10,1303,449,3,0,17,0,103,106
0,1,13,0,36,0,3420,695,3,95,8,2,143,91
0,1,0,0,0,0,0,0,0,0,0,0,0,0
4,3,6,420,9,1,1202,295,3,0,2,1,51,92
9,3,14,439,27,17,2625,855,6,0,14,1,200,75
0,3,1,278,14,1,923,109,1,0,0,3,32,106
2,3,4,293,8,0,747,109,2,0,2,1,38,32
6,3,7,428,29,3,2281,415,2,0,2,4,95,43
0,3,6,542,26,0,2157,430,1,0,0,8,50,69
2,3,10,250,13,0,1578,357,2,0,2,2,55,36
2,3,3,238,20,3,1765,415,2,0,6,2,74,91
1,2,5,191,11,1,1003,200,3,0,3,6,51,5
8,3,9,479,6,8,1187,551,8,0,18,2,117,244
1,2,8,482,19,2,1312,285,4,0,7,4,74,52
3,2,8,74,42,2,2617,741,3,0,13,8,102,53
1,2,8,100,21,0,1597,232,3,0,4,5,65,28
0,1,11,0,58,0,3420,1019,3,139,7,0,143,48
0,1,0,0,0,0,0,0,0,0,0,0,0,80
2,3,12,450,48,4,3020,481,3,0,5,5,109,97
2,3,8,597,34,6,2118,559,4,0,15,3,105,74
2,3,2,217,26,1,1370,235,1,0,0,2,44,41
4,3,8,227,36,1,2220,368,2,0,3,4,73,40
2,4,9,433,46,2,2678,330,2,0,3,7,78,74
5,3,8,423,22,3,1860,434,3,0,7,0,92,85
4,4,2,162,10,0,617,136,1,0,0,1,34,30
0,3,1,51,11,2,572,102,3,0,2,1,27,10
2,4,4,86,15,4,842,217,2,0,10,2,58,31
0,2,3,57,62,0,2644,602,1,0,0,3,38,100
0,2,3,262,56,1,2301,439,1,0,3,4,48,44
4,4,3,163,15,6,1223,303,2,0,11,1,84,13
4,2,13,554,39,2,3345,641,3,0,8,7,142,56
1,2,12,262,28,0,2915,576,3,0,6,4,111,3
4,2,13,485,39,2,3420,559,3,0,7,7,142,63
1,2,13,25,33,2,3187,641,3,0,9,3,133,57
4,2,10,382,29,5,2452,502,4,0,15,5,144,48
2,4,4,186,10,3,1037,175,2,0,9,1,57,39
2,3,8,648,30,5,2515,527,3,0,13,8,101,70
3,3,13,808,36,1,3089,608,2,0,6,8,98,54
2,4,7,268,18,2,1810,303,2,0,6,2,65,100
1,2,13,212,37,0,3242,707,3,0,6,4,123,51
0,2,0,4,6,0,240,75,1,0,0,0,6,5
1,1,13,10,33,0,3240,718,4,97,16,2,160,44
0,3,2,108,4,0,590,78,1,0,0,0,19,51
1,4,9,186,25,6,2105,424,2,0,6,4,86,44
0,2,1,30,11,0,504,106,2,0,2,0,14,32
1,3,4,66,11,1,943,152,2,0,3,0,40,31
0,2,4,81,26,1,1496,363,2,0,6,3,51,86
1,2,7,538,52,1,2742,436,2,0,0,3,75,78
1,2,7,45,57,1,3057,729,2,0,5,4,84,94
3,2,7,101,39,1,2451,566,3,0,8,4,85,41
2,4,6,458,44,22,2800,1010,5,0,40,3,198,131
2,4,3,130,12,3,655,170,2,0,2,1,45,4
0,1,7,10,35,0,2520,652,3,79,8,0,104,94
4,3,7,539,51,4,2763,517,3,0,8,2,107,67
4,3,9,989,60,5,3420,864,3,0,8,9,117,156
4,3,7,274,25,5,1706,418,3,0,10,4,98,115
3,3,7,469,51,0,2750,493,2,0,1,5,75,107
0,3,5,272,38,0,1855,333,1,0,1,5,51,52
1,2,2,108,12,0,944,168,2,0,2,1,32,93
4,4,4,184,17,4,1095,226,2,0,8,0,78,137
0,4,0,0,0,0,0,0,0,0,0,0,0,13
0,1,0,0,0,0,0,0,0,0,0,0,0,0
0,3,0,0,0,0,0,0,0,0,0,0,0,-1
0,3,0,0,0,0,0,0,0,0,0,0,0,0
0,2,4,172,19,0,1430,279,2,0,2,6,41,0
0,2,4,172,19,0,1430,279,2,0,2,6,41,52
2,2,7,196,39,2,2957,773,2,0,6,7,97,88
2,2,4,31,37,0,2431,550,2,0,4,6,64,43
7,2,9,508,33,1,2699,655,3,0,15,2,124,80
2,4,6,391,36,18,2588,843,5,0,26,4,158,242
0,1,6,0,21,0,1808,564,4,80,13,0,98,149
13,3,7,606,32,11,2478,800,5,0,18,0,169,228
6,3,4,328,25,8,1845,531,4,0,12,2,117,30
5,3,6,477,29,4,2235,494,2,0,3,3,100,80
5,3,5,284,12,2,1203,226,2,0,2,3,65,28
0,3,6,323,31,0,2223,361,1,0,0,9,52,19
1,3,7,275,31,2,2451,346,2,0,0,8,69,44
2,3,3,100,23,0,1340,297,1,0,0,5,36,77
3,3,6,459,18,0,1482,303,1,0,3,6,54,35
1,3,2,187,9,3,699,174,3,0,5,2,43,55
4,3,10,539,61,4,3156,529,3,0,9,9,113,80
0,2,4,67,49,2,2359,550,2,0,2,6,61,75
1,4,1,51,15,2,813,128,2,0,3,0,39,89
0,2,7,37,44,2,2786,579,2,0,0,4,81,100
1,2,2,128,18,0,930,240,1,0,3,4,26,42
3,2,7,333,39,0,2235,491,2,0,7,7,74,28
1,2,4,64,54,3,2765,610,2,0,3,8,76,42
0,2,3,18,24,1,1176,268,2,0,3,2,40,39
0,2,0,25,3,0,270,48,2,0,0,0,6,25
0,1,5,0,34,0,2117,531,3,72,5,1,83,133
4,3,3,377,30,10,1767,552,4,0,8,3,111,118
3,3,2,464,30,0,1370,219,2,0,3,1,50,28
1,3,3,265,17,5,981,284,3,0,10,2,70,17
5,3,7,350,62,1,3420,715,2,0,8,6,105,86
4,3,7,602,44,4,2675,542,3,0,8,5,105,27
6,3,6,359,35,2,2167,350,2,0,4,3,93,125
0,1,2,0,6,0,435,112,4,15,2,1,20,0
0,1,0,0,5,0,180,49,1,6,0,0,3,10
0,3,1,73,18,3,1039,254,3,0,3,0,41,147
4,3,1,235,13,1,916,221,3,0,3,0,44,141
0,3,0,0,0,0,0,0,0,0,0,0,0,0
8,2,12,340,31,4,2836,576,4,0,15,1,167,47
0,2,13,68,40,0,3420,556,3,0,7,5,118,106
1,2,12,85,15,0,1980,477,4,0,10,1,97,68
2,2,10,160,34,2,2703,621,3,0,8,10,103,99
0,2,0,1,2,0,184,35,1,0,0,0,5,58
7,4,15,668,36,17,3241,911,5,0,33,3,194,43
3,4,10,453,28,7,2278,457,3,0,12,4,105,86
0,1,13,0,40,0,3420,741,4,90,8,0,153,132
0,1,0,0,0,0,0,0,0,0,0,0,0,4
2,3,13,445,35,2,3053,538,2,0,7,9,97,104
7,3,11,1200,36,1,3105,712,3,0,12,7,113,73
1,3,0,44,2,0,125,6,1,0,0,0,11,22
9,3,7,786,33,4,2599,727,3,0,14,1,130,94
0,3,11,160,34,4,2790,529,2,0,9,5,100,77
0,3,0,0,0,0,0,0,0,0,0,0,0,0
0,3,0,0,0,0,0,0,0,0,0,0,0,9
0,3,0,0,0,0,0,0,0,0,0,0,0,0
0,4,0,0,0,0,0,0,0,0,0,0,0,0
1,2,2,114,11,0,744,110,2,0,3,1,28,48
3,4,7,307,21,13,1916,602,4,0,21,3,129,90
0,1,11,0,37,0,3131,702,3,86,11,0,131,10
2,3,10,327,27,1,2519,456,2,0,1,7,70,60
3,2,2,169,10,0,751,171,3,0,3,0,36,42
1,2,11,76,26,0,2557,602,3,0,10,2,105,29
3,3,4,235,21,10,1606,476,3,0,11,1,114,45
1,4,1,97,6,2,411,116,2,0,5,0,36,55
5,3,9,385,10,2,1438,273,3,0,3,0,74,125
5,3,8,650,31,5,2554,493,3,0,8,1,114,179
1,3,4,133,3,2,582,142,2,0,0,0,36,110
0,2,6,51,24,2,1996,464,3,0,7,2,78,146
0,3,5,99,20,1,1538,200,2,0,3,3,50,27
2,3,3,322,12,1,861,169,2,0,3,0,40,131
0,3,0,0,0,0,0,0,0,0,0,0,0,0
0,1,15,20,46,0,3420,1067,4,142,27,1,186,129
0,1,0,0,0,0,0,0,0,0,0,0,0,0
12,3,12,1029,28,6,2183,707,5,0,13,6,135,86
7,3,14,600,46,3,3330,579,3,0,2,12,114,110
2,2,14,97,42,2,3194,798,3,0,8,4,128,118
4,2,16,607,44,0,3404,690,3,0,9,7,138,101
1,3,4,32,6,0,747,110,2,0,1,3,27,22
0,3,5,426,22,10,1604,500,4,0,13,2,111,22
2,3,12,304,41,0,2781,403,2,0,0,8,72,89
2,3,8,579,24,3,1566,274,2,0,4,0,76,14
2,2,11,352,35,0,2373,520,3,0,8,6,89,147
9,4,14,610,46,14,3328,815,4,0,18,2,168,131
7,3,11,530,31,7,2315,528,3,0,7,1,135,13
0,3,2,91,10,0,611,72,1,0,0,0,28,109
0,3,1,28,4,0,288,25,1,0,0,3,10,13
0,3,0,0,0,0,0,0,0,0,0,0,0,0
0,3,0,1,0,0,18,1,1,0,0,0,2,16
1,3,5,355,18,1,1584,255,1,0,2,0,58,44
8,3,10,1087,28,3,2479,620,3,0,11,3,116,88
0,2,6,183,28,1,2057,389,2,0,1,5,64,92
0,2,11,136,40,5,2932,720,3,0,17,5,130,92
2,3,7,414,25,2,1670,368,3,0,6,0,69,61
0,2,9,96,35,1,2594,505,2,0,0,4,85,59
1,2,9,366,27,1,2280,484,3,0,10,3,96,95
2,4,10,443,34,8,2508,442,3,0,12,1,105,98
6,3,12,725,30,5,2602,543,3,0,15,2,132,141
0,2,12,152,44,0,3192,488,2,0,5,3,104,107
0,3,11,295,42,1,3112,523,2,0,2,8,77,66
3,2,2,162,15,1,887,147,3,0,2,2,35,74
0,3,5,154,17,1,892,132,2,0,3,2,35,13
1,3,5,210,14,1,1108,170,2,0,3,1,48,93
0,1,0,0,0,0,0,0,0,0,0,0,0,2
4,4,6,269,18,6,1541,319,3,0,15,0,89,89
0,1,10,10,27,0,2430,542,3,66,8,2,101,126
0,1,0,0,0,0,0,0,0,0,0,0,0,0
0,3,0,0,0,0,0,0,0,0,0,0,0,27
0,3,0,8,4,0,257,31,1,0,0,1,8,4
0,2,11,148,50,1,3240,773,3,0,9,6,109,83
0,2,0,12,8,0,273,39,0,0,0,2,2,0
0,3,4,126,24,0,1350,140,2,0,0,2,33,48
0,2,1,12,13,0,636,102,1,0,1,2,14,7
0,4,6,243,19,3,1324,153,2,0,7,4,52,32
0,1,11,20,37,0,2880,846,4,114,20,1,144,130
2,2,8,248,42,0,2425,494,2,0,5,1,83,78
1,3,10,309,42,0,2812,350,2,0,0,2,74,92
5,3,11,790,50,2,3068,591,3,0,8,1,113,84
0,1,0,10,4,0,180,15,1,2,0,0,3,0
0,4,0,0,0,0,3,0,1,0,0,0,2,0
0,3,0,0,0,0,0,0,0,0,0,0,0,0
0,1,0,0,3,0,90,4,1,0,0,0,1,2
2,2,13,413,20,1,2187,502,4,0,12,5,113,87
1,2,5,204,13,2,958,224,4,0,5,2,57,128
2,3,14,383,17,7,2006,588,4,0,15,2,114,106
0,2,11,83,10,1,1710,368,4,0,9,0,93,150
0,2,9,72,25,5,2027,577,4,0,6,3,108,66
0,1,2,0,8,0,585,113,3,16,5,1,26,19
2,3,10,347,24,0,2140,449,2,0,0,7,62,79
3,3,10,485,7,2,1164,274,3,0,8,3,70,79
3,3,7,378,21,4,1731,361,3,0,3,2,82,77
7,3,14,1336,32,6,2887,770,4,0,16,2,147,169
3,2,9,697,29,1,2367,527,3,0,15,3,112,141
6,3,8,307,15,4,1512,325,3,0,3,2,91,112
0,1,16,0,25,0,2745,470,4,57,8,2,140,130
0,1,0,0,0,0,0,0,0,0,0,0,0,4
0,1,8,0,64,0,3330,819,3,107,15,2,124,119
2,4,5,236,34,10,1808,512,3,0,14,1,106,58
0,3,8,103,56,1,3121,574,2,0,2,4,82,77
1,2,7,118,43,0,2255,366,2,0,6,5,66,73
0,2,0,0,0,0,1,2,1,0,0,0,1,0
1,3,7,329,47,1,2357,410,2,0,3,8,63,19
4,4,6,238,42,1,2086,278,2,0,2,4,70,77
4,3,6,428,52,11,2612,572,4,0,11,6,136,150
3,3,5,242,26,2,1415,336,2,0,3,3,65,86
0,3,4,160,39,2,1810,274,1,0,4,4,64,4
2,2,4,76,32,1,1710,387,3,0,5,1,58,109
1,2,2,84,22,0,1145,150,2,0,0,2,28,59
0,1,0,0,2,0,90,16,2,3,0,0,2,30
0,4,0,16,4,1,215,46,2,0,2,0,15,61
0,2,0,0,0,0,0,0,0,0,0,0,0,0
0,3,0,0,0,0,0,0,0,0,0,0,0,4
3,2,8,268,19,0,1607,322,3,0,4,0,81,79
9,2,9,704,42,0,2681,592,4,0,18,2,120,83
1,2,11,87,43,3,2989,814,3,0,13,4,127,102
0,1,10,10,39,0,2742,698,3,89,8,1,114,116
1,3,5,244,22,0,1559,189,1,0,0,3,48,18
3,3,5,263,21,1,1530,262,2,0,1,0,65,78
1,3,5,112,23,0,1417,205,1,0,1,3,47,12
6,4,11,308,39,16,2871,745,5,0,21,3,165,64
0,2,9,126,32,1,2286,432,2,0,4,9,80,62
6,4,11,359,38,7,2862,576,3,0,18,4,123,125
0,3,7,233,30,0,2050,366,2,0,0,6,47,58
3,3,9,319,36,2,2443,433,2,0,2,6,80,90
2,2,11,84,35,0,2683,610,3,0,7,4,100,45
0,1,2,0,9,0,630,166,3,21,3,1,25,1
0,3,0,0,0,0,0,0,0,0,0,0,0,3
0,4,0,5,2,0,138,13,1,0,0,0,11,87
0,1,0,0,0,0,0,0,0,0,0,0,0,0
0,2,0,0,0,0,0,0,0,0,0,0,0,0
0,3,0,0,0,0,0,0,0,0,0,0,0,1
0,3,11,274,22,1,1962,201,2,0,0,3,66,52
0,1,9,0,48,0,3240,876,3,116,9,2,124,2
4,3,10,884,33,4,2746,514,3,0,8,5,107,76
1,2,9,109,36,1,2729,582,3,0,7,6,93,124
0,1,11,0,50,0,3420,769,3,88,6,0,128,131
2,2,10,129,31,2,2473,532,3,0,12,7,109,39
7,3,4,544,22,1,1735,412,2,0,3,2,78,40
0,1,0,0,0,0,0,0,0,0,0,0,0,3
14,4,8,356,44,15,2838,819,5,0,23,1,187,133
1,2,2,162,19,0,954,183,1,0,0,3,27,35
0,2,0,10,12,1,718,155,1,0,2,3,19,55
1,3,5,323,21,2,1322,255,2,0,2,2,58,35
7,3,10,770,28,8,2093,588,4,0,12,4,133,181
2,4,5,413,23,12,1452,540,4,0,18,1,110,80
0,3,2,13,2,0,311,34,1,0,0,1,14,8
5,3,7,359,25,9,1944,556,5,0,13,0,126,137
0,2,5,114,30,1,1816,403,2,0,3,2,59,66
0,2,1,111,18,1,968,169,1,0,0,2,26,50
4,2,6,350,37,2,2345,486,3,0,7,1,94,75
1,3,4,118,25,0,1452,153,1,0,0,5,41,24
1,2,7,107,30,0,2260,502,2,0,5,7,71,17
0,2,6,17,41,1,2186,620,2,0,2,4,59,60
5,3,8,661,44,4,2386,464,2,0,3,6,99,61
10,3,11,821,45,8,2846,759,4,0,15,2,160,117
2,3,9,539,34,1,2428,535,2,0,2,10,67,39
0,3,1,45,11,0,454,52,1,0,0,0,17,19
0,2,7,66,32,1,2072,513,2,0,2,3,71,35
0,1,11,10,52,0,3150,1026,4,140,20,0,154,106
0,2,4,52,21,0,1130,230,2,0,2,1,38,23
4,4,3,409,21,7,1279,398,3,0,16,3,89,85
0,2,4,51,12,1,1203,293,3,0,3,1,50,77
10,3,9,889,34,6,2358,719,4,0,11,3,133,145
0,3,0,0,0,0,0,0,0,0,0,0,0,0
0,2,0,0,0,0,0,0,0,0,0,0,0,4
0,4,0,0,0,0,0,0,0,0,0,0,0,43
0,4,0,0,0,0,0,0,0,0,0,0,0,15
2,3,4,242,10,0,1056,200,1,0,2,3,44,38
0,2,0,0,0,0,6,0,1,0,0,0,2,42
2,3,4,262,23,1,1704,358,2,0,2,0,56,110
0,1,1,0,9,0,270,59,3,10,2,0,11,0
2,2,3,42,5,1,690,179,4,0,5,2,42,170
1,3,0,32,6,1,243,70,1,0,0,0,21,42
8,4,10,643,39,9,2837,729,3,0,15,2,141,62
11,3,12,809,28,11,2808,808,5,0,14,3,176,183
0,1,10,0,32,1,2970,776,4,84,13,1,140,176
8,2,12,1129,42,1,3384,754,4,0,19,2,161,186
0,4,1,33,0,0,180,17,1,0,0,0,10,22
8,2,10,1238,40,2,3029,789,4,0,26,2,160,208
0,3,2,100,8,0,517,70,1,0,0,1,15,65
2,3,5,233,14,1,1169,224,2,0,0,2,50,40
0,3,4,188,15,9,1106,387,4,0,9,2,86,175
0,3,8,460,18,1,1851,378,2,0,1,4,55,69
0,1,1,0,1,0,180,57,5,6,0,0,10,8
0,2,0,0,0,0,0,0,0,0,0,0,0,105
2,2,7,220,10,0,1182,248,3,0,8,6,65,45
4,3,12,688,16,13,2025,754,5,0,22,1,157,124
12,3,12,1170,17,6,1995,760,5,0,19,1,141,196
8,3,11,693,22,9,1945,606,5,0,15,0,145,135
9,3,14,584,23,10,2534,663,5,0,10,4,154,163
4,2,14,673,21,2,2298,569,4,0,18,5,138,201
1,1,19,10,28,0,3240,586,4,66,3,3,160,155
0,2,3,46,13,1,797,156,2,0,1,4,29,54
0,2,7,78,10,0,1343,233,3,0,4,1,58,160
7,3,11,476,18,2,2063,399,3,0,9,5,94,155
5,4,11,467,17,9,2056,501,4,0,16,2,115,120
0,2,8,295,14,0,1473,272,3,0,5,0,69,59
8,3,6,545,16,9,1607,580,4,0,17,0,135,137
2,3,13,546,27,2,2747,640,2,0,5,6,91,127
0,1,0,0,1,0,90,9,2,1,0,0,2,7
0,4,0,0,4,0,39,0,1,0,0,0,1,1
0,3,0,0,0,0,0,0,0,0,0,0,0,9
0,1,0,0,3,0,90,37,7,2,1,0,7,0
0,2,0,0,0,0,0,0,0,0,0,0,0,0
3,3,1,132,6,1,507,108,3,0,3,0,32,10
0,1,9,0,32,0,2295,464,3,59,4,0,91,132
1,3,4,149,18,0,1101,218,1,0,0,2,36,52
2,2,13,133,36,2,3047,701,3,0,8,11,124,69
0,3,12,395,25,1,2389,482,2,0,1,5,69,93
14,3,13,1414,36,18,3101,1292,6,0,36,6,244,151
0,1,4,0,12,0,1125,275,3,40,1,3,44,0
11,3,12,682,39,11,2917,793,4,0,9,4,174,63
1,2,10,102,30,1,2585,503,3,0,3,0,102,66
2,3,9,270,25,4,2124,523,2,0,4,3,91,68
5,2,13,498,36,2,3060,785,4,0,11,3,144,41
0,2,0,19,3,0,187,26,1,0,0,0,5,36
2,3,0,58,12,1,511,117,1,0,0,1,32,31
2,2,1,200,11,0,689,168,2,0,3,0,25,67
4,4,4,203,18,10,1364,443,3,0,14,4,99,34
0,3,0,1,0,0,9,0,1,0,0,0,2,1
0,3,0,19,2,1,155,51,5,0,2,0,11,59
0,3,0,0,0,0,8,1,1,0,0,0,1,1
5,3,3,411,22,0,1347,225,2,0,5,2,52,20
0,2,5,91,38,0,2080,522,2,0,6,4,53,11
0,1,4,0,43,0,2250,682,3,88,6,3,80,20
0,1,3,0,19,0,1170,346,3,45,6,0,48,96
0,2,2,38,32,2,1625,345,2,0,3,4,44,47
1,4,0,89,9,1,501,79,1,0,3,0,31,7
0,2,3,68,20,1,1254,274,2,0,2,2,40,7
1,2,5,87,27,1,1286,240,2,0,0,4,45,58
5,3,7,394,26,3,1554,376,3,0,5,0,85,116
2,3,5,447,48,4,2426,452,2,0,8,3,97,59
2,4,3,250,36,4,1979,357,2,0,5,3,74,83
1,3,2,182,26,0,1405,179,1,0,1,2,41,48
0,1,0,0,0,0,0,0,0,0,0,0,0,0
3,3,3,280,33,2,1617,363,2,0,7,3,69,62
6,4,5,230,37,12,2081,557,5,0,22,2,134,75
0,1,5,20,63,0,3420,1023,3,146,12,1,123,135
4,3,5,248,28,3,1629,269,3,0,2,0,76,12
0,3,2,92,18,3,999,168,2,0,2,1,48,28
0,1,7,0,57,0,2700,741,3,93,8,2,94,55
1,3,6,229,25,1,1762,349,2,0,4,6,52,88
3,3,1,400,39,2,1727,297,2,0,3,1,67,79
4,4,6,300,40,12,2172,634,4,0,21,1,131,106
0,2,4,85,39,0,1537,351,2,0,6,2,41,12
7,3,8,496,56,4,2764,541,3,0,4,3,115,57
1,2,6,102,47,3,2574,671,2,0,4,3,86,11
7,3,9,971,68,8,3420,940,4,0,17,5,156,159
3,2,9,262,41,0,2646,497,3,0,7,4,93,82
1,2,9,75,62,1,3100,692,2,0,11,5,94,94
7,4,7,488,51,9,2662,581,3,0,16,1,137,103
2,3,3,97,27,1,1229,178,1,0,0,5,46,13
0,2,0,29,19,0,841,188,1,0,0,1,14,58
2,3,2,86,11,1,735,94,2,0,2,2,36,29
0,3,3,143,22,0,1010,120,1,0,0,3,31,44
0,3,0,0,0,0,0,0,0,0,0,0,0,0
0,1,0,0,0,0,0,0,0,0,0,0,0,0
0,1,12,0,45,0,3420,868,3,114,13,0,149,158
0,3,5,94,22,0,1576,182,1,0,2,3,44,85
14,4,12,659,39,23,3083,1318,6,0,40,1,242,192
11,3,13,1049,36,17,3119,1052,6,0,26,0,228,258
0,2,8,82,34,0,2520,577,2,0,2,3,77,132
5,3,4,258,18,3,1397,322,2,0,5,1,80,87
2,3,3,132,9,0,613,103,2,0,0,0,30,35
2,2,4,136,16,0,1340,232,2,0,1,1,52,105
4,3,12,308,45,2,3420,728,2,0,6,9,107,109
0,3,1,77,16,0,856,128,1,0,0,5,19,33
0,2,4,20,22,0,1486,319,2,0,3,1,43,93
4,3,5,190,15,1,1202,161,2,0,2,3,55,55
0,2,2,3,12,0,732,166,2,0,3,0,27,3
0,3,0,0,0,0,0,0,0,0,0,0,0,0
0,4,0,0,0,0,1,0,1,0,0,0,1,1
2,3,5,320,48,2,2530,437,2,0,3,11,71,140
0,1,0,0,0,0,0,0,0,0,0,0,0,0
0,3,0,0,0,0,0,0,0,0,0,0,0,4
5,3,4,288,19,9,1423,487,6,0,15,3,106,29
0,3,0,88,15,0,701,80,1,0,0,1,27,19
0,1,1,0,3,0,270,46,3,6,0,0,10,0
0,1,10,0,44,0,3150,745,3,102,11,2,133,136
11,2,11,898,41,0,3170,669,4,0,21,3,153,115
1,3,1,80,7,0,362,50,1,0,0,3,17,25
5,4,6,349,25,10,1972,517,4,0,19,3,118,140
1,2,1,166,9,1,564,155,2,0,0,2,28,7
1,3,1,153,5,1,556,121,1,0,0,1,28,92
2,2,4,200,15,0,1006,187,3,0,4,2,42,29
6,3,9,493,33,8,2556,529,3,0,8,0,141,206
1,3,11,343,37,2,2880,561,2,0,2,2,86,95
2,3,11,271,47,10,3420,889,3,0,16,7,147,114
7,3,9,441,33,5,2571,491,3,0,10,3,125,117
0,2,1,63,10,1,516,98,1,0,0,1,25,48
9,2,9,670,43,0,3054,693,3,0,12,3,128,70
0,2,7,30,25,3,1925,433,3,0,3,3,75,90
0,2,0,0,0,0,0,0,0,0,0,0,0,0
0,1,0,0,1,0,91,25,2,3,0,0,4,3
1,3,6,726,40,1,2526,478,2,0,4,3,73,96
1,2,6,46,29,1,1879,414,3,0,4,2,68,17
0,2,10,40,51,1,3303,692,2,0,7,5,106,138
1,4,4,96,10,4,824,177,4,0,7,0,43,101
2,3,11,261,33,1,2498,386,2,0,2,4,77,76
1,3,8,455,42,5,2670,697,2,0,10,8,104,95
3,4,0,166,29,4,1352,238,2,0,5,2,72,30
0,2,1,61,9,0,618,102,1,0,0,2,19,67
0,2,0,59,11,0,573,100,1,0,0,1,13,14
1,2,3,234,23,1,1400,243,2,0,6,1,54,87
0,3,0,0,0,0,0,0,0,0,0,0,0,7
0,2,0,0,0,0,0,0,0,0,0,0,0,0
